career,required_skills
Data Analyst,"Python|SQL|Pandas|Statistics|Power BI|Microsoft Excel|Tableau|Data Visualization|Data Analytics"
Data Scientist,"Python|Pandas|NumPy|Statistics|Machine Learning|Scikit-learn|Data Visualization|Data Preprocessing|Data Science"
Machine Learning Engineer,"Python|Machine Learning|Scikit-learn|TensorFlow|NumPy|Pandas|PyTorch"
AI Engineer,"Python|Machine Learning|Artificial Intelligence|Deep Learning|TensorFlow|Natural Language Processing|Git"
Deep Learning Engineer,"Python|Deep Learning|TensorFlow|PyTorch|Neural Networks|Convolutional Neural Network|Transfer Learning"
NLP Engineer,"Python|Natural Language Processing|Transformers|BERT|Machine Learning|PyTorch|Deep Learning"
Computer Vision Engineer,"Python|Computer Vision|OpenCV|YOLO|Deep Learning|Convolutional Neural Network|Image Processing|Object Detection"
Generative AI Engineer,"Python|Generative AI|Large Language Models|Transformers|Prompt Engineering|LangChain|RAG|Retrieval Augmented Generation"
Data Engineer,"Python|SQL|Pandas|Apache Spark|PySpark|Hadoop|Big Data|Data Preprocessing"
Big Data Engineer,"Python|SQL|Apache Spark|PySpark|Hadoop|Big Data|Git"
Business Intelligence Analyst,"SQL|Power BI|Tableau|Microsoft Excel|Power Query|Power Pivot|Data Visualization|Data Analytics"
Business Analyst,"Microsoft Excel|SQL|Power BI|Statistics|Data Visualization|Data Analytics|Data Cleaning"
Software Developer,"Python|Java|Object Oriented Programming|Data Structures|Algorithms|Git|Problem Solving"
Backend Developer,"Python|FastAPI|Flask|SQL|REST API|API Development|Git|Docker"
Frontend Developer,"HTML|CSS|JavaScript|React|TypeScript|Git|VS Code"
Full Stack Developer,"HTML|CSS|JavaScript|React|Node.js|SQL|Git|REST API"
DevOps Engineer,"Git|Docker|AWS|Cloud Computing|REST API|Linux"
Cloud Engineer,"AWS|Microsoft Azure|Google Cloud|Cloud Computing|Docker|Git"
Cybersecurity Analyst,"Cybersecurity|Network Security|Ethical Hacking|Cryptography|Python"
IoT Engineer,"Python|C|Arduino|Raspberry Pi|Internet of Things|Sensors"
Database Developer,"SQL|MySQL|PostgreSQL|MongoDB|SQLite|Database"
AI/ML Researcher,"Python|Machine Learning|Deep Learning|Artificial Intelligence|Statistics|PyTorch|TensorFlow"
Data Visualization Specialist,"Python|Matplotlib|Plotly|Power BI|Tableau|Data Visualization|Microsoft Excel"
Computer Vision Developer,"Python|OpenCV|YOLO|Image Processing|Object Detection|Image Classification|Computer Vision"
Cloud Data Engineer,"Python|SQL|Apache Spark|PySpark|AWS|Cloud Computing|Big Data|Git"
Python Developer,"Python|Object Oriented Programming|Data Structures|Algorithms|Git|Problem Solving"
Database Analyst,"SQL|MySQL|PostgreSQL|Database|Microsoft Excel|Python"